{
  "title":"Berlin",
  "fontSize":5.5,
  "truncatePct":100,
  "mapRotation":0,
  "elevationValues":[38,39,39,39,38,38,38,39,38,39,40,39,39,39,39,41,39,39,41,39,39,40,40,40,40,41,42,41,41,41,44,44,42,40,41,38,39,40,39,40,41,41,42,41,41,42,43,44,44,43,43,42,43,43,43,42,43,43,42,42,42,44,42,42,42,42,42,42,42,42,42,43,43,42,43,42,42,42,43,44,43,44,44,44,44,44,44,43,43,43,43,43,43,42,43,42,41,41,41,42,42,42,43,43,42,42,43,44,44,44,44,44,45,45,46,47,47,48,50,51,51,49,47,46,48,48,50,51,53,54,56,58,61,60,59,58,58,58,57,59,58,56,53,52,52,53,54,55,55,55,54,52,49,47,47,46,45,44,43,43,43,42,42,42,42,42,42,42,42,42,41,43,42,42,43,42,42,42,42,41,44,43,41,41,42,40,41,41,41,41,42,42,42,41,41,41,40,41,41,42],
  "latLngValues":[[52.515186,13.360275],[52.514985,13.357289],[52.514776,13.354159],[52.514804,13.351034],[52.514466,13.348342],[52.514389,13.347325],[52.514141,13.343995],[52.513806,13.340765],[52.513681,13.337519],[52.513494,13.334314],[52.513313,13.331148],[52.513067,13.327953],[52.512859,13.32472],[52.513622,13.322616],[52.515432,13.323074],[52.517171,13.324592],[52.518895,13.326036],[52.520598,13.327436],[52.522366,13.328696],[52.523942,13.330461],[52.524536,13.333637],[52.525208,13.336654],[52.525846,13.339681],[52.525406,13.342769],[52.525053,13.34582],[52.524706,13.348544],[52.524253,13.351635],[52.523847,13.354818],[52.523503,13.35787],[52.523132,13.360952],[52.522823,13.363873],[52.522509,13.367002],[52.521401,13.36966],[52.520943,13.372561],[52.521607,13.375198],[52.522355,13.377974],[52.522866,13.38114],[52.523361,13.384315],[52.523911,13.387395],[52.525697,13.387366],[52.527373,13.388016],[52.527982,13.391025],[52.528624,13.394131],[52.529347,13.397125],[52.529661,13.400112],[52.529756,13.403172],[52.529318,13.406167],[52.528782,13.409295],[52.528141,13.412282],[52.527096,13.415106],[52.525874,13.417701],[52.524529,13.418887],[52.522889,13.417041],[52.521587,13.41826],[52.52074,13.421156],[52.519839,13.424101],[52.519127,13.426593],[52.518276,13.428935],[52.51695,13.427265],[52.51522,13.425755],[52.513531,13.424215],[52.511953,13.422736],[52.510017,13.421558],[52.510416,13.418674],[52.510575,13.416097],[52.508748,13.41474],[52.506883,13.413457],[52.505212,13.411932],[52.503694,13.410357],[52.501922,13.4094],[52.501084,13.411858],[52.50022,13.414714],[52.499569,13.417067],[52.498099,13.418755],[52.496264,13.419843],[52.494388,13.421194],[52.49262,13.4223],[52.490808,13.423485],[52.488991,13.424583],[52.487133,13.424664],[52.487055,13.422083],[52.487602,13.418954],[52.488031,13.415842],[52.48842,13.412635],[52.488734,13.410246],[52.48923,13.407332],[52.48973,13.4043],[52.490351,13.401231],[52.490953,13.398115],[52.491596,13.394995],[52.492226,13.391875],[52.49282,13.388766],[52.493377,13.385844],[52.49363,13.382834],[52.492988,13.380701],[52.492112,13.37812],[52.4918,13.375416],[52.492416,13.37216],[52.493013,13.369093],[52.493551,13.366134],[52.494088,13.363174],[52.493833,13.360968],[52.491877,13.360873],[52.490526,13.359377],[52.490164,13.356283],[52.489841,13.353124],[52.48953,13.350008],[52.489242,13.346944],[52.488385,13.34503],[52.48654,13.345073],[52.484537,13.345056],[52.48259,13.345063],[52.480687,13.344926],[52.478836,13.344316],[52.477306,13.342401],[52.475798,13.340477],[52.474294,13.338561],[52.472765,13.336695],[52.471367,13.335026],[52.47034,13.334],[52.4693,13.331978],[52.470729,13.329684],[52.471515,13.327006],[52.47149,13.323739],[52.471561,13.320511],[52.470741,13.317933],[52.469577,13.315361],[52.468582,13.312693],[52.4677,13.309891],[52.468066,13.307492],[52.467944,13.304591],[52.468396,13.301727],[52.468886,13.298836],[52.469463,13.295823],[52.469754,13.294008],[52.470323,13.291091],[52.471304,13.288444],[52.472817,13.286395],[52.474293,13.284353],[52.475751,13.282478],[52.477303,13.281732],[52.478716,13.283973],[52.480123,13.286307],[52.48091,13.287727],[52.482143,13.289964],[52.483444,13.292334],[52.484721,13.294667],[52.486037,13.297102],[52.487241,13.299408],[52.488316,13.302003],[52.488284,13.305177],[52.488698,13.308266],[52.489564,13.311224],[52.490555,13.31373],[52.492024,13.311713],[52.493725,13.310142],[52.494811,13.310562],[52.496731,13.311319],[52.49868,13.312129],[52.500589,13.313254],[52.501084,13.31643],[52.501625,13.319624],[52.502067,13.322744],[52.502566,13.325796],[52.503096,13.328013],[52.503738,13.331095],[52.504421,13.334151],[52.503926,13.337198],[52.502827,13.339894],[52.50174,13.34257],[52.5014,13.344809],[52.500925,13.347894],[52.500282,13.350944],[52.499859,13.354047],[52.499088,13.356898],[52.498462,13.359891],[52.498627,13.362171],[52.500431,13.363224],[52.502276,13.364729],[52.503946,13.36646],[52.505557,13.36815],[52.507165,13.36911],[52.508709,13.370336],[52.50921,13.37347],[52.509516,13.376687],[52.509833,13.379858],[52.510032,13.383004],[52.51022,13.386087],[52.510429,13.389288],[52.510702,13.392398],[52.511004,13.395441],[52.512161,13.396372],[52.51225,13.393787],[52.514122,13.393023],[52.514849,13.391037],[52.514526,13.3879],[52.515491,13.385941],[52.516534,13.384265],[52.516348,13.381051],[52.516253,13.377821]],
  "width":50,
  "plateDepth":10,
  "thickness":5,
  "textThickness":1.6,
  "margin":2.5,
  "maxPolylineHeight":6,
  "baseColor":"#1a1a1a",
  "polylineColor":"#fc5200",
  "slantedTextPlate":true
}
