{
  "title": "Boston",
  "fontSize": 5.5,
  "truncatePct": 100,
  "mapRotation": 0,
  "elevationValues": [162,151,135,126,114.809981567764,113,123,122,119,112,111,110,109,113,112,107,105,102,108,111,98,91,89,89,84,81,75,75,70,71,70,69,71,69,70,76,78,80,79,73,72,75,71,71,73,71,68,70,66,65,63,62,64,63,64,62,61,60,59.2699938559214,60,62,59,58,59,66,64,61,61,61,57,59,57,57,56,54,54,55,58.7300061440786,60,63,62,60,62,63,65,67,66,67,67,67,72,72,69,65,65,61,55,60,62,61,56.5399877118427,53,57,55,52,51,55,54,52,55,57,59,56,56,59,60,63,62,59,47,33.5399877118427,28,34,38,45.1900184322359,50,47,49,46,47,45,42,45,55,58,57,59,56,54,54,50,50,45,44,44.4600122881573,54,56,58,58,56,55,54,53,57,69,79,80,81,76,69,59,55,56,55,59,60,59,56,46,46,44,43,42,41,43,47,48,49,41,43,40,38,37,34,30,30,25,19,18,18,18,19,17,17,18,22,20,18,17,17],
  "latLngValues": [[42.229707,-71.518336],[42.231074,-71.517092],[42.232527,-71.515011],[42.23335,-71.512553],[42.234255,-71.510349],[42.235322,-71.508124],[42.236434,-71.505637],[42.236597,-71.503397],[42.236422,-71.501232],[42.236489,-71.499011],[42.236926,-71.496902],[42.237474,-71.494579],[42.238265,-71.492327],[42.239567,-71.489878],[42.240693,-71.48759],[42.241774,-71.485218],[42.242727,-71.483078],[42.243662,-71.481153],[42.24471,-71.478735],[42.245535,-71.476796],[42.247273,-71.474913],[42.249253,-71.473411],[42.250809,-71.472267],[42.25222,-71.470833],[42.253534,-71.469239],[42.254913,-71.467874],[42.255682,-71.465854],[42.25614,-71.463762],[42.256771,-71.461748],[42.25736,-71.459773],[42.258032,-71.457679],[42.258507,-71.455531],[42.258945,-71.453603],[42.259872,-71.451887],[42.261108,-71.450225],[42.262847,-71.449045],[42.264312,-71.447694],[42.266032,-71.446346],[42.268007,-71.445399],[42.269595,-71.444786],[42.270998,-71.443667],[42.27228,-71.441714],[42.27327,-71.439729],[42.274295,-71.437699],[42.274033,-71.435534],[42.273653,-71.433454],[42.273086,-71.431499],[42.272211,-71.429626],[42.272916,-71.427692],[42.273885,-71.425873],[42.274692,-71.423809],[42.27537,-71.421715],[42.275964,-71.419536],[42.27654,-71.417516],[42.277066,-71.415565],[42.277527,-71.413542],[42.277998,-71.411409],[42.278372,-71.409377],[42.2788,-71.407428],[42.279276,-71.405377],[42.27971,-71.403288],[42.280179,-71.401259],[42.280594,-71.399317],[42.281065,-71.397303],[42.281531,-71.395196],[42.281808,-71.392302],[42.281977,-71.390076],[42.282168,-71.387608],[42.28226,-71.385223],[42.282396,-71.382791],[42.282558,-71.380078],[42.282597,-71.377508],[42.282809,-71.374448],[42.283268,-71.371513],[42.283729,-71.368694],[42.283388,-71.365687],[42.282676,-71.362938],[42.282232,-71.360505],[42.282434,-71.358133],[42.282713,-71.356064],[42.282971,-71.353978],[42.28323,-71.351895],[42.283523,-71.349678],[42.283814,-71.347444],[42.284204,-71.345399],[42.284602,-71.343224],[42.285148,-71.340721],[42.285894,-71.338431],[42.286732,-71.336189],[42.28756,-71.334],[42.288653,-71.331482],[42.289765,-71.329374],[42.290882,-71.327241],[42.291939,-71.325386],[42.293311,-71.322997],[42.294214,-71.319969],[42.295102,-71.316941],[42.295771,-71.314008],[42.296077,-71.310903],[42.296236,-71.307783],[42.296255,-71.304488],[42.29611,-71.301299],[42.29599,-71.298352],[42.29621,-71.295964],[42.296632,-71.292992],[42.297535,-71.290355],[42.299354,-71.288498],[42.301502,-71.287002],[42.303527,-71.285126],[42.305269,-71.282912],[42.306933,-71.280624],[42.308531,-71.278394],[42.310167,-71.276612],[42.312032,-71.274808],[42.313805,-71.2729],[42.315412,-71.270457],[42.316999,-71.268113],[42.31862,-71.265853],[42.320536,-71.264058],[42.322888,-71.262938],[42.3248,-71.261079],[42.325342,-71.258429],[42.326166,-71.255476],[42.327347,-71.25323],[42.328782,-71.25104],[42.329888,-71.248827],[42.331836,-71.247133],[42.333626,-71.244943],[42.335304,-71.242711],[42.33732,-71.24121],[42.339249,-71.240099],[42.340808,-71.238214],[42.339554,-71.235735],[42.339314,-71.233077],[42.33926,-71.230082],[42.338663,-71.227348],[42.337361,-71.225091],[42.336716,-71.223003],[42.337074,-71.220494],[42.337353,-71.217856],[42.336954,-71.215714],[42.337893,-71.21308],[42.338008,-71.210698],[42.338223,-71.2084],[42.338577,-71.205602],[42.33803,-71.203134],[42.337858,-71.200982],[42.337874,-71.198585],[42.336957,-71.196549],[42.335829,-71.195124],[42.336119,-71.192784],[42.336224,-71.190362],[42.336328,-71.188082],[42.33653,-71.185383],[42.336531,-71.18257],[42.336241,-71.179787],[42.33659,-71.177042],[42.337287,-71.174429],[42.337588,-71.171718],[42.339123,-71.169606],[42.339728,-71.167621],[42.340012,-71.165479],[42.340123,-71.163407],[42.340087,-71.161223],[42.33987,-71.158884],[42.339259,-71.156652],[42.338364,-71.15467],[42.337523,-71.15264],[42.336182,-71.151],[42.33596,-71.149875],[42.336391,-71.148179],[42.336717,-71.146716],[42.337118,-71.144893],[42.337514,-71.142913],[42.337906,-71.140912],[42.338283,-71.139263],[42.338726,-71.13742],[42.338967,-71.136354],[42.339438,-71.134377],[42.339548,-71.132388],[42.339714,-71.130161],[42.340074,-71.128364],[42.34069,-71.126384],[42.341206,-71.124593],[42.341678,-71.122648],[42.342182,-71.120724],[42.342761,-71.118772],[42.343365,-71.116575],[42.344008,-71.114425],[42.344486,-71.112565],[42.345074,-71.110491],[42.34559,-71.108424],[42.346216,-71.106304],[42.346867,-71.1043],[42.347429,-71.102367],[42.347953,-71.100559],[42.348608,-71.098241],[42.348854,-71.096063],[42.348888,-71.093718],[42.348914,-71.091379]],
  "width": 50,
  "plateDepth": 10,
  "thickness": 5,
  "textThickness": 1.6,
  "margin": 2.5,
  "maxPolylineHeight": 4,
  "baseColor": "#1a1a1a",
  "polylineColor": "#fc5200",
  "slantedTextPlate": true
}
