{
  "title": "Chicago",
  "fontSize": 5.5,
  "truncatePct": 100,
  "mapRotation": 0,
  "elevationValues": [190,190,191,190,189,186,186,186,186,187,191,186,187,187,186,186,186,186,186,186,186,186,189,186,186,186,186,186,186,186,186,186,186,186,187,186,187,187,187,185,185,183,184,183,181,182,182,183,185,184,183,183,182,182,181,181,182,182,182,182,182,183,183,183,183,183,183,184,184,184,184,184,186,186,187,187,187,187,187,186,186,186,186,185,186,186,185,185,184,184,184,185,185,185,185,185,185,184,187,186,186,186,186,186,188,184,184,184,184,184,184,184,184,184,184,184,184,184,184,184,184,185,184,185,185,185,185,185,185,185,185,185,185,185,185,186,185,186,186,186,186,186,186,186,185,185,185,185,186,185,185,185,185,185,185,184,185,185,185,185,185,187,184,184,185,185,185,186,185,184,186,186,186,186,186,187,185,185,184,184,183,183,184,184,184,184,184,184,184,183,183,183,183,183,184,184,184,184,184,184],
  "latLngValues": [[41.883116,-87.620697],[41.884518,-87.62069],[41.885181,-87.620733],[41.888831,-87.620544],[41.890857,-87.620315],[41.891707,-87.621699],[41.891773,-87.624148],[41.891731,-87.626387],[41.890873,-87.628029],[41.888997,-87.627984],[41.887155,-87.627896],[41.885294,-87.627886],[41.8834,-87.627834],[41.881454,-87.627751],[41.879564,-87.627737],[41.878193,-87.628482],[41.878172,-87.630937],[41.879073,-87.6322],[41.880983,-87.632299],[41.882721,-87.632427],[41.884701,-87.632377],[41.886528,-87.632349],[41.888437,-87.632578],[41.890351,-87.632585],[41.892319,-87.632658],[41.894228,-87.632648],[41.896067,-87.632687],[41.897822,-87.632764],[41.899725,-87.632786],[41.901599,-87.632853],[41.903396,-87.632947],[41.905274,-87.633028],[41.907082,-87.63304],[41.908912,-87.63296],[41.910766,-87.632918],[41.912647,-87.633008],[41.913971,-87.631752],[41.915561,-87.632884],[41.917172,-87.634153],[41.918964,-87.634592],[41.9206,-87.635595],[41.922421,-87.63574],[41.924275,-87.635788],[41.925702,-87.635415],[41.926464,-87.634014],[41.928247,-87.63508],[41.929888,-87.636204],[41.931555,-87.637527],[41.932946,-87.639248],[41.934812,-87.639308],[41.936693,-87.639429],[41.938541,-87.639445],[41.940643,-87.639513],[41.942471,-87.64003],[41.944234,-87.640918],[41.945955,-87.641867],[41.947644,-87.642826],[41.949386,-87.643837],[41.951075,-87.644813],[41.952883,-87.645364],[41.952886,-87.647899],[41.952023,-87.649501],[41.950135,-87.648996],[41.948411,-87.647935],[41.946707,-87.646868],[41.944965,-87.645872],[41.943275,-87.644782],[41.941481,-87.64439],[41.93952,-87.644393],[41.937644,-87.644339],[41.935765,-87.644234],[41.933898,-87.64451],[41.932084,-87.644745],[41.930332,-87.643753],[41.928763,-87.642417],[41.927005,-87.641359],[41.925267,-87.640293],[41.923537,-87.639249],[41.921945,-87.638656],[41.920209,-87.638881],[41.918297,-87.638804],[41.916399,-87.638779],[41.914527,-87.638705],[41.912619,-87.638612],[41.911089,-87.638065],[41.911138,-87.635566],[41.90976,-87.634696],[41.907842,-87.634583],[41.905988,-87.634533],[41.904043,-87.634524],[41.9022,-87.634465],[41.900333,-87.634354],[41.89841,-87.63436],[41.896539,-87.634319],[41.894632,-87.634151],[41.892781,-87.634102],[41.890921,-87.63402],[41.889488,-87.634199],[41.887702,-87.634144],[41.88647,-87.636133],[41.884998,-87.63624],[41.882918,-87.636619],[41.880837,-87.636934],[41.879257,-87.637393],[41.87934,-87.63989],[41.879245,-87.642438],[41.879255,-87.644941],[41.87924,-87.647443],[41.879193,-87.64995],[41.879222,-87.652463],[41.879152,-87.654958],[41.87909,-87.657488],[41.879046,-87.660002],[41.878975,-87.66251],[41.878954,-87.665018],[41.878914,-87.667555],[41.878862,-87.670091],[41.87882,-87.672592],[41.878796,-87.675175],[41.877877,-87.676537],[41.877539,-87.674409],[41.877524,-87.671939],[41.877592,-87.669489],[41.877633,-87.666891],[41.877675,-87.664467],[41.877705,-87.661892],[41.877749,-87.659358],[41.877798,-87.656887],[41.877836,-87.654384],[41.877872,-87.651843],[41.877908,-87.649382],[41.877635,-87.647249],[41.875793,-87.647228],[41.87389,-87.647195],[41.872027,-87.64714],[41.870132,-87.647115],[41.869668,-87.649109],[41.869591,-87.651693],[41.86953,-87.654192],[41.869427,-87.656716],[41.869418,-87.659332],[41.869156,-87.66163],[41.867198,-87.661624],[41.865303,-87.66155],[41.863397,-87.661478],[41.86154,-87.661428],[41.859601,-87.661397],[41.857923,-87.660902],[41.857941,-87.658397],[41.857975,-87.655849],[41.858004,-87.653375],[41.858027,-87.650838],[41.858042,-87.648292],[41.857298,-87.646688],[41.855423,-87.646643],[41.853945,-87.647257],[41.853348,-87.649557],[41.852644,-87.650033],[41.85261,-87.647465],[41.852657,-87.645051],[41.852735,-87.642458],[41.85287,-87.640377],[41.852807,-87.637593],[41.852916,-87.635089],[41.85276,-87.632645],[41.851328,-87.632008],[41.849401,-87.631996],[41.847603,-87.63226],[41.845682,-87.631972],[41.845586,-87.629349],[41.845585,-87.626836],[41.845648,-87.62434],[41.844289,-87.623632],[41.84242,-87.623576],[41.84055,-87.623499],[41.838688,-87.623472],[41.836752,-87.623426],[41.834912,-87.623342],[41.833021,-87.623288],[41.831211,-87.623282],[41.831817,-87.621804],[41.833704,-87.621829],[41.835652,-87.621837],[41.837496,-87.621864],[41.83877,-87.623113],[41.840668,-87.623226],[41.84259,-87.623291],[41.844482,-87.623324],[41.846338,-87.623464],[41.848151,-87.623593],[41.84997,-87.623703],[41.851801,-87.623775],[41.853771,-87.623756],[41.855686,-87.623797],[41.857515,-87.623841],[41.859413,-87.624015],[41.861307,-87.623984],[41.863268,-87.623975],[41.865109,-87.624141],[41.86694,-87.624134]],
  "width": 50,
  "plateDepth": 10,
  "thickness": 5,
  "textThickness": 1.6,
  "margin": 2.5,
  "maxPolylineHeight": 4,
  "baseColor": "#1a1a1a",
  "polylineColor": "#fc5200",
  "slantedTextPlate": true
}
