{
  "title":"London",
  "fontSize":5.5,
  "truncatePct":100,
  "mapRotation":0,
  "elevationValues":[40.8,45.6,47,48.8,51.6,52,52.2,51.2,51,50.4,52.8,56.6,55.4,54.2,55.4,54.2,51.6,50.8,49.2,46.6,41.4,31.2,27.2,23.4,14.8,12.6,15.4,13.8,15.8,10.2,11.6,9.6,8.2,10.8,8.6,9.2,7.8,11.2,7.4,7.8,8.4,10.8,9.2,7.8,9.2,10.2,11,9.4,8.8,9.8,7.6,8.6,11.4,10.4,5.8,9.4,9.8,9.4,9.4,8.6,7.8,7.6,9.2,7.4,6.8,7.8,7.4,6.6,5.2,4.8,7.2,7.4,6.4,7.4,5.6,2.4,3.8,5.4,5.6,7.2,7.2,7.8,5.4,4.2,5.4,4.6,5.2,6.4,6.4,6.4,9,7,10.8,9.8,11.6,14.6,12.2,10,13.2,7.2,9.8,10.8,9.6,10.8,10.4,10.4,9.6,6.4,8.6,7.4,9.4,8.2,4.8,2.8,8,14.6,8.2,3.8,3.2,2.4,5.6,6.2,6.6,5.8,6,6.4,6.8,9.8,4,3.8,4.2,2,-0.6,-1.8,1.4,4.2,2.2,6.8,9.2,10.8,9.8,9.2,7.2,26.6,120,165.8,152.8,79,23.8,10.2,2.6,6.2,9.8,8.2,7.6,5,3.6,5.6,7.8,9.2,10.8,13.2,14.4,13.2,11.2,8.2,8,9.8,8.6,10.4,11.2,11.4,11.6,9,8.4,13.2,20.2,13.4,13,13.6,13,9.6,14.2,17.8,10.4,7.6,9.2,7.6,6.4,7.6,6.2,8,6.2,9.2,7.4,8,8.8,8.6,8.2,6.8],
  "latLngValues":[[51.473069,0.011195],[51.473457,0.014122],[51.47382,0.017288],[51.474175,0.020307],[51.474678,0.023272],[51.475115,0.026065],[51.475359,0.028964],[51.475109,0.032017],[51.474694,0.035016],[51.474814,0.037706],[51.47644,0.03918],[51.477624,0.041539],[51.478839,0.043945],[51.479179,0.04695],[51.479794,0.049786],[51.480334,0.052714],[51.480794,0.055595],[51.481514,0.058385],[51.48231,0.061094],[51.483903,0.062151],[51.485806,0.062855],[51.487716,0.063272],[51.489569,0.062492],[51.491411,0.061746],[51.493278,0.061275],[51.493663,0.059488],[51.493059,0.05669],[51.492843,0.05373],[51.492223,0.050912],[51.492314,0.047783],[51.492274,0.044856],[51.491422,0.042275],[51.490252,0.039892],[51.489321,0.037217],[51.48852,0.034478],[51.487939,0.031617],[51.487498,0.028626],[51.487223,0.025661],[51.486684,0.022593],[51.486681,0.019592],[51.486345,0.016899],[51.486043,0.013914],[51.486192,0.010877],[51.486058,0.007933],[51.485219,0.005116],[51.484424,0.002379],[51.483586,-0.000292],[51.482833,-0.003094],[51.481964,-0.005738],[51.48139,-0.008318],[51.483206,-0.009505],[51.481697,-0.010065],[51.481375,-0.012895],[51.481299,-0.015925],[51.481015,-0.019054],[51.480813,-0.022137],[51.481157,-0.025022],[51.481946,-0.027828],[51.483088,-0.03032],[51.484265,-0.032713],[51.485679,-0.034667],[51.487053,-0.036716],[51.488328,-0.039068],[51.489511,-0.041427],[51.49092,-0.043477],[51.492274,-0.045577],[51.493599,-0.045919],[51.495032,-0.04482],[51.496643,-0.045946],[51.498483,-0.045726],[51.499257,-0.043805],[51.498077,-0.041488],[51.496277,-0.040993],[51.49707,-0.038486],[51.498434,-0.036397],[51.500175,-0.03534],[51.502035,-0.035693],[51.50385,-0.036075],[51.505351,-0.037751],[51.505614,-0.04066],[51.505136,-0.043607],[51.50413,-0.046152],[51.50284,-0.048347],[51.501489,-0.050505],[51.500226,-0.052789],[51.499449,-0.055278],[51.49892,-0.057928],[51.498586,-0.060898],[51.498182,-0.063851],[51.498015,-0.066874],[51.498613,-0.069768],[51.499737,-0.072159],[51.500722,-0.074688],[51.501961,-0.076935],[51.503518,-0.076702],[51.505092,-0.075669],[51.506788,-0.074502],[51.508662,-0.073921],[51.508351,-0.071521],[51.508781,-0.068555],[51.509341,-0.065678],[51.509314,-0.06271],[51.5095,-0.05974],[51.509683,-0.056751],[51.509618,-0.053779],[51.509742,-0.050635],[51.509788,-0.047572],[51.510298,-0.044578],[51.51052,-0.041787],[51.510009,-0.039129],[51.509566,-0.036285],[51.508941,-0.033418],[51.508978,-0.030569],[51.509293,-0.027581],[51.507908,-0.027333],[51.50606,-0.027421],[51.504426,-0.02586],[51.502513,-0.025704],[51.500624,-0.025967],[51.498737,-0.025901],[51.496883,-0.025731],[51.494974,-0.02543],[51.493141,-0.02483],[51.491325,-0.023824],[51.489873,-0.021913],[51.488739,-0.019645],[51.487716,-0.017126],[51.487268,-0.014312],[51.488657,-0.013555],[51.490443,-0.014335],[51.492298,-0.014627],[51.494192,-0.014376],[51.496126,-0.014138],[51.497968,-0.013708],[51.499847,-0.013526],[51.500169,-0.016491],[51.500515,-0.019444],[51.5011,-0.022347],[51.502336,-0.024448],[51.503878,-0.025049],[51.503573,-0.021933],[51.502946,-0.019349],[51.503565,-0.017431],[51.505189,-0.016436],[51.50489,-0.014252],[51.503609,-0.014821],[51.502558,-0.012448],[51.504166,-0.012183],[51.505108,-0.011749],[51.506667,-0.010462],[51.507228,-0.0078],[51.508625,-0.008976],[51.508797,-0.011771],[51.508856,-0.014706],[51.508957,-0.017561],[51.509273,-0.020502],[51.50899,-0.023339],[51.509707,-0.025814],[51.511025,-0.027631],[51.512253,-0.029689],[51.512326,-0.032482],[51.512462,-0.035334],[51.512569,-0.038204],[51.51269,-0.04107],[51.511071,-0.042145],[51.510324,-0.044472],[51.509886,-0.047094],[51.509783,-0.049839],[51.509703,-0.052798],[51.509649,-0.055541],[51.509662,-0.058406],[51.509394,-0.06124],[51.509319,-0.064085],[51.509278,-0.06695],[51.508576,-0.069587],[51.508525,-0.072265],[51.509571,-0.074587],[51.509408,-0.077183],[51.509507,-0.079986],[51.509087,-0.08289],[51.509441,-0.085809],[51.509892,-0.088735],[51.510504,-0.091494],[51.510988,-0.09433],[51.511113,-0.097273],[51.511011,-0.102008],[51.510937,-0.104976],[51.510981,-0.107982],[51.511011,-0.110922],[51.510805,-0.113747],[51.510316,-0.116509],[51.509493,-0.119024],[51.508186,-0.121028],[51.506551,-0.12225],[51.504766,-0.12313],[51.50296,-0.123684],[51.501173,-0.124238],[51.501075,-0.127064],[51.501145,-0.129967],[51.501059,-0.132945]],
  "width":50,
  "plateDepth":10,
  "thickness":5,
  "textThickness":1.6,
  "margin":2.5,
  "maxPolylineHeight":2,
  "baseColor":"#1a1a1a",
  "polylineColor":"#fc5200",
  "slantedTextPlate":true
}
