{
  "title": "NYC",
  "fontSize": 5.5,
  "truncatePct": 100,
  "mapRotation": 0,
  "elevationValues": [28,30.8,37.8,43.6,49.8,55.6,62.8,70,73.2,73,67.8,61.4,55.2,47.6,39,32,24.2,17,8.4,11.2,14.8,17.2,15.6,13.2,15.2,14.6,15.2,16.2,19.8,17.6,16.4,16.2,20,20.4,18,16.4,15.2,15.8,12.6,8.4,2.6,-0.4,-1.6,-0.8,-0.6,3.6,5.6,8.2,9.6,8.6,6.4,3.4,1,0.8,0.6,2,3.2,3.4,6.6,8.4,7,9,13.8,19.2,25,22,16.4,15.4,16,12.2,10.4,10,6.8,4,1.6,2.8,5.2,10.2,13.6,12.6,10.6,12.6,14.2,12.6,6.6,6.2,5,2,0.8,0.2,2.6,5,5.8,8.4,4.4,0.8,0.6,1,7.6,14,14,8.2,3.6,3.2,1.8,1.8,3.2,5.4,4.2,4.6,6.6,11,16.4,22,27.2,32.4,38,42.6,46.8,46.4,46.2,45,41,37.2,30.6,23.4,21,18.2,19.2,23,20.4,15.2,18.2,20.4,23.8,21.6,18.2,14.8,10.4,9.2,10,10.2,11.4,11.4,11.2,11,11.8,10.8,12,15,19.4,23,20.8,16.8,15.6,15.6,13,12,11.6,13,17.6,19.2,13.6,13.6,16.2,17.6,18,18.8,20.4,19.2,18,17.6,16.8,16,16.4,21.4,25.6,28.6,32.6,36.6,41.8,44.4,44,45.4,41,42.8,35,29.8,36,34.8,36.4,31.8,29,28.8,30,33,37.2,38.2,36.8,36],
  "latLngValues": [[40.601884,-74.06199],[40.601872,-74.060603],[40.601985,-74.058772],[40.602704,-74.056593],[40.60328,-74.054866],[40.603762,-74.053263],[40.604458,-74.051202],[40.605179,-74.048926],[40.60593,-74.046692],[40.606822,-74.043868],[40.607688,-74.041277],[40.608266,-74.039301],[40.608819,-74.037787],[40.609571,-74.035363],[40.61031,-74.033055],[40.610981,-74.031134],[40.611962,-74.029496],[40.613349,-74.028394],[40.614872,-74.026696],[40.616355,-74.026366],[40.617612,-74.02869],[40.619252,-74.029828],[40.621126,-74.029046],[40.623344,-74.028179],[40.625449,-74.027353],[40.627719,-74.026436],[40.62958,-74.025671],[40.631837,-74.024798],[40.633643,-74.023971],[40.63568,-74.023165],[40.63779,-74.021651],[40.639128,-74.020145],[40.64056,-74.018793],[40.641918,-74.017389],[40.64354,-74.015759],[40.64522,-74.013958],[40.646728,-74.012284],[40.648469,-74.010548],[40.650273,-74.008686],[40.651674,-74.007132],[40.653312,-74.005382],[40.654689,-74.004031],[40.655919,-74.002635],[40.657763,-74.000852],[40.65955,-73.998941],[40.66108,-73.997184],[40.662678,-73.995668],[40.664296,-73.994042],[40.665722,-73.992477],[40.667894,-73.99074],[40.669377,-73.9895],[40.670933,-73.98827],[40.672742,-73.986877],[40.674606,-73.985135],[40.676412,-73.983751],[40.678342,-73.982556],[40.680131,-73.981372],[40.681551,-73.980421],[40.683372,-73.979043],[40.685197,-73.978366],[40.68684,-73.979529],[40.687035,-73.976956],[40.687401,-73.974383],[40.68759,-73.972138],[40.687878,-73.969567],[40.688167,-73.966607],[40.688563,-73.963597],[40.688873,-73.961229],[40.689169,-73.958247],[40.689525,-73.955366],[40.691191,-73.955574],[40.693256,-73.955953],[40.695616,-73.956478],[40.697621,-73.956871],[40.699606,-73.957269],[40.701454,-73.95823],[40.702313,-73.959226],[40.703832,-73.960837],[40.70545,-73.962686],[40.706952,-73.964325],[40.708907,-73.964201],[40.71057,-73.963837],[40.712344,-73.962672],[40.714187,-73.961513],[40.715869,-73.959967],[40.717307,-73.958212],[40.71897,-73.956571],[40.720346,-73.955087],[40.721707,-73.953526],[40.723327,-73.951845],[40.724954,-73.951572],[40.726476,-73.952484],[40.728404,-73.953546],[40.730016,-73.95428],[40.73044,-73.95245],[40.731597,-73.951994],[40.7336,-73.952355],[40.735677,-73.952819],[40.737322,-73.953055],[40.738881,-73.952865],[40.740675,-73.952256],[40.742359,-73.951696],[40.743792,-73.95221],[40.745056,-73.953421],[40.747448,-73.952642],[40.748949,-73.951349],[40.748431,-73.948902],[40.747896,-73.945955],[40.747255,-73.943739],[40.74903,-73.942253],[40.750263,-73.94097],[40.75135,-73.941389],[40.751827,-73.942798],[40.752694,-73.944356],[40.753132,-73.945711],[40.753895,-73.94728],[40.754353,-73.948726],[40.754962,-73.950067],[40.755685,-73.951587],[40.756514,-73.953341],[40.757287,-73.955247],[40.758121,-73.956919],[40.758556,-73.958155],[40.759353,-73.959983],[40.75991,-73.961705],[40.760135,-73.962957],[40.760337,-73.961541],[40.762291,-73.960156],[40.764049,-73.95878],[40.765914,-73.957488],[40.767753,-73.956156],[40.769699,-73.954784],[40.771868,-73.95321],[40.773723,-73.951819],[40.775215,-73.950706],[40.776966,-73.949383],[40.778646,-73.948175],[40.780291,-73.947052],[40.782052,-73.945647],[40.783885,-73.944316],[40.785871,-73.942848],[40.787822,-73.941471],[40.789847,-73.940049],[40.791599,-73.938808],[40.793588,-73.937312],[40.795462,-73.93595],[40.79715,-73.93463],[40.799099,-73.933294],[40.800791,-73.932114],[40.802642,-73.930642],[40.80386,-73.928482],[40.804999,-73.926243],[40.806409,-73.924897],[40.807804,-73.925548],[40.80929,-73.925885],[40.810613,-73.92637],[40.812258,-73.92653],[40.813258,-73.926475],[40.811747,-73.928153],[40.813041,-73.929787],[40.814089,-73.932142],[40.814215,-73.934089],[40.814498,-73.936395],[40.81265,-73.937501],[40.811091,-73.938614],[40.809222,-73.940117],[40.807243,-73.941499],[40.806047,-73.943477],[40.805404,-73.944991],[40.803644,-73.945515],[40.802257,-73.945108],[40.800245,-73.946679],[40.798431,-73.947766],[40.796384,-73.949299],[40.794359,-73.950893],[40.792658,-73.952048],[40.791012,-73.95328],[40.789751,-73.954071],[40.788371,-73.955402],[40.786714,-73.956243],[40.785179,-73.957583],[40.783263,-73.959494],[40.781371,-73.961142],[40.780933,-73.964066],[40.779096,-73.965384],[40.777542,-73.966795],[40.776119,-73.967362],[40.774409,-73.968818],[40.772603,-73.96897],[40.770813,-73.970716],[40.76926,-73.972699],[40.767459,-73.973086],[40.765291,-73.972816],[40.764781,-73.973887],[40.765524,-73.975753],[40.766202,-73.977345],[40.766869,-73.978874],[40.767676,-73.980959],[40.768696,-73.980573],[40.770324,-73.979076]],
  "width": 50,
  "plateDepth": 10,
  "thickness": 5,
  "textThickness": 1.6,
  "margin": 2.5,
  "maxPolylineHeight": 6,
  "baseColor": "#1a1a1a",
  "polylineColor": "#fc5200",
  "slantedTextPlate": true
}
